{"roadca": {"4": [1, 2, 3, 4, 5, 6], "5": [1, 2, 3, 4, 5, 6, 7, 8, 9, 10, 11, 12], "6": [1, 2, 3, 4, 5, 6, 7, 8, 10, 11, 12]}, "soclj": {"4": [1, 2, 3, 4, 5, 6, 7, 8, 9, 10, 11, 12, 13, 14, 15], "5": [1, 2, 3, 4, 5, 6, 7, 8, 9, 10, 11, 12], "6": [1, 2, 3, 4, 5, 6, 7, 8, 9, 10, 11, 12]}, "notredame": {"4": [1, 2, 3, 4, 5, 6, 7, 8, 9, 0, 11, 12, 13, 14, 15], "5": [1, 2, 3, 4, 5, 6, 7, 8, 9, 10, 11], "6": [1, 2, 3, 4, 5, 6, 7, 8, 9, 10, 11, 12]}, "grqc": {"4": [1, 2, 3, 4, 5, 6], "5": [1, 2, 3, 4, 5, 6, 7, 8, 9, 10, 11, 12], "6": [1, 2, 3, 4, 5, 6, 7, 8, 9, 10, 11, 12]}, "gowa": {"4": [1, 2, 3, 4, 5, 6], "5": [1, 2, 3, 4, 5, 6, 7, 8, 9, 10, 11, 12], "6": [1, 2, 3, 4, 5, 6, 7, 8, 9, 10, 11, 12]}, "facebook": {"4": [1, 2, 3, 4, 5, 6, 7, 8, 9, 10], "5": [1, 3, 5, 8, 11], "6": [1, 3, 4, 5, 6, 8, 9]}, "p2p": {"4": [1, 2, 3, 4, 5, 6, 7, 8, 9, 10], "5": [1, 2, 3, 4, 5, 8, 10, 11], "6": [1, 2, 3, 4, 5, 6, 9]}, "comlj": {"4": [1, 2, 3, 4, 5, 6, 7, 8, 9, 10], "5": [1, 3, 5, 8, 10], "6": [1, 4, 5, 6, 8, 9]}, "email": {"4": [1, 2, 3, 4, 5, 6], "5": [1, 2, 3, 4, 5, 6, 7, 8, 9, 10, 11, 12], "6": [1, 2, 3, 4, 5, 6, 7, 8, 9, 10, 11, 12]}}